{
  "affirm": {
    "precision": 0.5,
    "recall": 0.5,
    "f1-score": 0.5,
    "support": 2,
    "confused_with": {
      "deny": 1
    }
  },
  "deny": {
    "precision": 0.6666666666666666,
    "recall": 0.6666666666666666,
    "f1-score": 0.6666666666666666,
    "support": 3,
    "confused_with": {
      "affirm": 1
    }
  },
  "mood_great": {
    "precision": 0.0,
    "recall": 0.0,
    "f1-score": 0.0,
    "support": 3,
    "confused_with": {
      "mood_unhappy": 2,
      "greet": 1
    }
  },
  "ask_statistic_pregnant": {
    "precision": 1.0,
    "recall": 0.6666666666666666,
    "f1-score": 0.8,
    "support": 3,
    "confused_with": {
      "ask_report": 1
    }
  },
  "ask_report": {
    "precision": 0.9090909090909091,
    "recall": 1.0,
    "f1-score": 0.9523809523809523,
    "support": 10,
    "confused_with": {}
  },
  "ask_wellbeing": {
    "precision": 1.0,
    "recall": 1.0,
    "f1-score": 1.0,
    "support": 2,
    "confused_with": {}
  },
  "bot_challenge": {
    "precision": 1.0,
    "recall": 1.0,
    "f1-score": 1.0,
    "support": 2,
    "confused_with": {}
  },
  "greet": {
    "precision": 0.8571428571428571,
    "recall": 0.8571428571428571,
    "f1-score": 0.8571428571428571,
    "support": 7,
    "confused_with": {
      "goodbye": 1
    }
  },
  "mood_unhappy": {
    "precision": 0.6,
    "recall": 0.75,
    "f1-score": 0.6666666666666665,
    "support": 4,
    "confused_with": {
      "mood_great": 1
    }
  },
  "goodbye": {
    "precision": 0.8571428571428571,
    "recall": 1.0,
    "f1-score": 0.923076923076923,
    "support": 6,
    "confused_with": {}
  },
  "ask_money": {
    "precision": 1.0,
    "recall": 1.0,
    "f1-score": 1.0,
    "support": 3,
    "confused_with": {}
  },
  "ask_statistics": {
    "precision": 1.0,
    "recall": 1.0,
    "f1-score": 1.0,
    "support": 12,
    "confused_with": {}
  },
  "accuracy": 0.8596491228070176,
  "macro avg": {
    "precision": 0.7825036075036075,
    "recall": 0.7867063492063492,
    "f1-score": 0.7804945054945055,
    "support": 57
  },
  "weighted avg": {
    "precision": 0.8356801093643198,
    "recall": 0.8596491228070176,
    "f1-score": 0.8443673285778549,
    "support": 57
  },
  "micro avg": {
    "precision": 0.8596491228070176,
    "recall": 0.8596491228070176,
    "f1-score": 0.8596491228070176,
    "support": 57
  }
}