{
  "report_type": {
    "precision": 1.0,
    "recall": 0.9,
    "f1-score": 0.9473684210526316,
    "support": 10,
    "confused_with": {
      "time": 1
    }
  },
  "department": {
    "precision": 0.9024390243902439,
    "recall": 0.9487179487179487,
    "f1-score": 0.9249999999999999,
    "support": 39,
    "confused_with": {}
  },
  "statistic_type": {
    "precision": 1.0,
    "recall": 0.75,
    "f1-score": 0.8571428571428571,
    "support": 32,
    "confused_with": {
      "department": 4
    }
  },
  "time": {
    "precision": 0.9322033898305084,
    "recall": 1.0,
    "f1-score": 0.9649122807017544,
    "support": 55,
    "confused_with": {}
  },
  "micro avg": {
    "precision": 0.9398496240601504,
    "recall": 0.9191176470588235,
    "f1-score": 0.929368029739777,
    "support": 136
  },
  "macro avg": {
    "precision": 0.9586606035551881,
    "recall": 0.8996794871794872,
    "f1-score": 0.9236058897243108,
    "support": 136
  },
  "weighted avg": {
    "precision": 0.944605208763952,
    "recall": 0.9191176470588235,
    "f1-score": 0.9268193461595163,
    "support": 136
  },
  "accuracy": 0.9641943734015346
}