{
  "statistic_type": {
    "precision": 1.0,
    "recall": 0.84375,
    "f1-score": 0.9152542372881356,
    "support": 32,
    "confused_with": {
      "department": 3
    }
  },
  "report_type": {
    "precision": 0.9,
    "recall": 0.9,
    "f1-score": 0.9,
    "support": 10,
    "confused_with": {
      "time": 1
    }
  },
  "time": {
    "precision": 0.9473684210526315,
    "recall": 0.9818181818181818,
    "f1-score": 0.9642857142857142,
    "support": 55,
    "confused_with": {}
  },
  "department": {
    "precision": 0.8780487804878049,
    "recall": 0.9230769230769231,
    "f1-score": 0.9,
    "support": 39,
    "confused_with": {}
  },
  "micro avg": {
    "precision": 0.9333333333333333,
    "recall": 0.9264705882352942,
    "f1-score": 0.929889298892989,
    "support": 136
  },
  "macro avg": {
    "precision": 0.931354300385109,
    "recall": 0.9121612762237763,
    "f1-score": 0.9198849878934624,
    "support": 136
  },
  "weighted avg": {
    "precision": 0.9363909235067583,
    "recall": 0.9264705882352942,
    "f1-score": 0.9295871314627545,
    "support": 136
  },
  "accuracy": 0.9616368286445013
}