{
  "deny": {
    "precision": 0.75,
    "recall": 1.0,
    "f1-score": 0.8571428571428571,
    "support": 3,
    "confused_with": {}
  },
  "ask_money": {
    "precision": 1.0,
    "recall": 1.0,
    "f1-score": 1.0,
    "support": 3,
    "confused_with": {}
  },
  "goodbye": {
    "precision": 0.8571428571428571,
    "recall": 1.0,
    "f1-score": 0.923076923076923,
    "support": 6,
    "confused_with": {}
  },
  "ask_wellbeing": {
    "precision": 1.0,
    "recall": 1.0,
    "f1-score": 1.0,
    "support": 2,
    "confused_with": {}
  },
  "bot_challenge": {
    "precision": 1.0,
    "recall": 0.5,
    "f1-score": 0.6666666666666666,
    "support": 2,
    "confused_with": {
      "ask_statistics": 1
    }
  },
  "greet": {
    "precision": 0.8571428571428571,
    "recall": 0.8571428571428571,
    "f1-score": 0.8571428571428571,
    "support": 7,
    "confused_with": {
      "goodbye": 1
    }
  },
  "affirm": {
    "precision": 1.0,
    "recall": 0.5,
    "f1-score": 0.6666666666666666,
    "support": 2,
    "confused_with": {
      "deny": 1
    }
  },
  "ask_statistic_pregnant": {
    "precision": 1.0,
    "recall": 0.6666666666666666,
    "f1-score": 0.8,
    "support": 3,
    "confused_with": {
      "ask_statistics": 1
    }
  },
  "mood_unhappy": {
    "precision": 0.5,
    "recall": 0.5,
    "f1-score": 0.5,
    "support": 4,
    "confused_with": {
      "mood_great": 2
    }
  },
  "ask_statistics": {
    "precision": 0.8571428571428571,
    "recall": 1.0,
    "f1-score": 0.923076923076923,
    "support": 12,
    "confused_with": {}
  },
  "ask_report": {
    "precision": 1.0,
    "recall": 1.0,
    "f1-score": 1.0,
    "support": 10,
    "confused_with": {}
  },
  "mood_great": {
    "precision": 0.0,
    "recall": 0.0,
    "f1-score": 0.0,
    "support": 3,
    "confused_with": {
      "mood_unhappy": 2,
      "greet": 1
    }
  },
  "accuracy": 0.8421052631578947,
  "macro avg": {
    "precision": 0.8184523809523809,
    "recall": 0.751984126984127,
    "f1-score": 0.7661477411477411,
    "support": 57
  },
  "weighted avg": {
    "precision": 0.8364661654135339,
    "recall": 0.8421052631578947,
    "f1-score": 0.8290084184821027,
    "support": 57
  },
  "micro avg": {
    "precision": 0.8421052631578947,
    "recall": 0.8421052631578947,
    "f1-score": 0.8421052631578947,
    "support": 57
  }
}